codigo_cliente,numero_pedidos,lista_pedidos,idade
07dcdb642a376c139e2f9a7223d540f6,3,"[[b3af82eb4fea94b5b21f81fec980fb6d, 2018-11-23], [658d071227033aa72bba2c84084b2070, 2018-11-23], [1bca7bd3579e16c29c84ec9db5002186, 2018-11-23]]",26
0cf936eed633e9892d6bfc4147835dcd,3,"[[9ed6e67d3cfd6ab5b58c7a43e61a8ec0, 2018-11-23], [a1180b9a3d0f990dd775d8bd48a95fc6, 2018-11-23], [fabf84630a8a59360fb0564783c5f14b, 2018-11-23]]",25
0ff625a0b9625af87811e82fefcb586b,3,"[[fedb324816468e2eb3d32d3ebbda7f78, 2018-11-23], [03e5eded6658db6bb7488335118afb4d, 2018-11-23], [cef49b655518db5b22ab4636c9ec6ed3, 2018-11-23]]",28
10d8cbef26dcd6deabdb339431981473,3,"[[5837a384fe5acc9dac1e63acb945e597, 2018-11-23], [4df7ce929ad563414fdcccb9c25a7438, 2018-11-23], [01ae53b5a9b8fda287c8bd4fa0214179, 2018-11-23]]",23
18d6d2ac14593d9a6570f63a980453f0,4,"[[bbf21687f276664032631b4e10a67957, 2018-11-23], [1a7b83da91f122a383e709d56b197aa2, 2018-11-23], [632523d0126d41017d3d39e5af30d394, 2018-11-23], [54532a4194793e15e1f351b3cfef58e6, 2018-11-23]]",28
22275184edd41a8a91ec38d98479ff10,3,"[[44328873b8656556e13d1dcffbaead08, 2018-11-23], [b422a85e4ac2f418313f5a6777171595, 2018-11-23], [18d825f3c2211953aa4fa0d6d7b3a8ab, 2018-11-23]]",27
3224ac7dee3bd6196c82dbcf3c58e019,3,"[[110fdb292cc6b2cc185578492b12558c, 2018-11-23], [b0ec0e67b4092ffc2de13561c47074be, 2018-11-23], [715fd96b0daffb567c062f6a4c769345, 2018-11-23]]",21
3860f681456fae15d9b562d948a89028,3,"[[4cc754634d81b8dcfb51a7f7ae949d19, 2018-11-23], [66c1ea9f1aa3b2544d5e9ba911c0f790, 2018-11-23], [41248accd291f46a50b0cdba30adf7c9, 2018-11-23]]",21
38f1d0ad2967e6cf1c8ab3ff3eb12e87,3,"[[d42c5f4e28bd2596fc32314982b57415, 2018-11-23], [579b80c0c3f8d4e25af0f0b6cca9f73f, 2018-11-23], [acfdeb3c3cfd98b20460f4657331c20e, 2018-11-23]]",21
3bfcd49a281054bbf95c03b31fb5e5ef,3,"[[a071669a5000ce07ad709886c8109906, 2018-11-23], [cb422c641730320669dc49b88c069a00, 2018-11-23], [ca2360f9f20482f1f0d851a15ae67498, 2018-11-23]]",21
4112bda78775666500367aff2ae2c866,3,"[[08d28852abb06109ab53648ed41411bc, 2018-11-23], [76c9b99f16e98b70433fd9f5acfe9630, 2018-11-23], [ebc3616ec4584ba4d66c85a6b4d2b1e6, 2018-11-23]]",24
4bda52d8ddb2fa1948e0f66c30b5fb82,3,"[[f31e9bdac68b6bba3ff6a81b2eed22e7, 2018-11-23], [160cb271f875ded1f391ab7bf10a60f2, 2018-11-23], [51ab65fc18fb50db5f23ff9b417e4ea1, 2018-11-23]]",29
59f1caf650e456d234c38eee6b0377a7,3,"[[1264c22e5175df05ced9fd709592ac43, 2018-11-23], [e345d654cf37331be9899ddc5b5d06ab, 2018-11-23], [f397cc9b87daae1a33ee565c9cd83655, 2018-11-23]]",27
660bd95b7dca68b0746dda94242a7bdc,3,"[[8a8e949975e3a535a3d530a9b0193046, 2018-11-23], [7e3069b02ac71591f59707121a7c7eb5, 2018-11-23], [e947830ee83112930ffb63390b069e6c, 2018-11-23]]",21
693f89ff05b3b8d342ced243790f97dd,106,"[[044a5449cec87953de2cec267d853cdf, 2018-11-23], [376d2fda3cc65e83fc6bca3c61c621c9, 2018-11-23], [f6006a97545c04d1ff8b9789d8e43cb1, 2018-11-23], [544f36a2cbd2713470c196841ca5f49e, 2018-11-23], [bf9a638d29d9a61fea5bf5f70f26ebc0, 2018-11-23], [d7e378aea71dd3389df18c2765da683b, 2018-11-23], [4301941aa696c56b7a81bb7d481f84ac, 2018-11-23], [e123a7b59e2b557882306a3e2544ebc9, 2018-11-23], [51b55bcf63e8d0b3436d09e301adba22, 2018-11-23], [23e29fbdbe5c9430e4aefe177a41f0f4, 2018-11-23], [08cf10c2dca2986d3703f3656aca6647, 2018-11-23], [92a0815959fcfd85db553fb99ac3bdb0, 2018-11-23], [0ac7f568ca405490249b3a88995683d5, 2018-11-23], [adca61052bc7ca60e1e81333d8eb26f2, 2018-11-23], [44acfd077a5c93c49b48bfc717d527eb, 2018-11-23], [1a96c2ed8c9493a7a209127df9d0591f, 2018-11-23], [d0ce9a1c6f930045fd66abf7d509f436, 2018-11-23], [a7e3082706d0dcc7986224755546572b, 2018-11-23], [284a1b954170121d6bdcd56b97540410, 2018-11-23], [679c856968901b81312fd4076da7af7a, 2018-11-23], [778fc517c369ef8407f2967b9525df06, 2018-11-23], [5abf25d4c51816689437a76604e80e00, 2018-11-23], [3bcac138c6fba0834eeaa146841e39ca, 2018-11-23], [3819d20617cb745548309ffd5c45955f, 2018-11-23], [909dec9450d67968b6d57258cc1eecc6, 2018-11-23], [ccaa9fe511c8f8669d7ed682765fb4eb, 2018-11-23], [3b5f588f6049f1d6550f6ff722706524, 2018-11-23], [8d7fedb9d2c33ad3e341056b9ebf24ec, 2018-11-23], [189c387fcd7701b6ca52c99b1d56c66f, 2018-11-23], [b853c90f12a7ad90781ecfae64cf1bfd, 2018-11-23], [452f3a1dd1f4c9670688d93a2a7f089d, 2018-11-23], [9eb448edef67580666222abef053aeb3, 2018-11-23], [4eb4613f5018d2a8c776eb3f123b630f, 2018-11-23], [d3d1e504be932da5fc88d0ec94d5797b, 2018-11-23], [98048d6b6a967d5008d3782e28a6f6de, 2018-11-23], [805a0b5ca1429f4cb247226aa99d590c, 2018-11-23], [fae690acf2e5544c0652b5779993e040, 2018-11-23], [1dd72b71c14d3e8b8b0cf79bb42a6377, 2018-11-23], [24a3e442be252c54f9e6b4207a638f6a, 2018-11-23], [d54d7ffb2454cc6b651a5ac9db767903, 2018-11-23], [cecfe3c1af6a37dfc19532cb01a796e1, 2018-11-23], [4b24d0e7bc1bf223fa3cda92e4f94de9, 2018-11-23], [f09bafd780daad7ecd71a8c4b7e24941, 2018-11-23], [85fbc9c8d0ce1464aee159e419af5659, 2018-11-23], [0d723681139155880bfc1d0898fa1ead, 2018-11-23], [ef62992a5737aebab6cdf7db223fab68, 2018-11-23], [e7bfa633a5835c8e6a8f0e4556cf5267, 2018-11-23], [33ed7157f3bc6dd2721c0695a60df6ae, 2018-11-23], [e45ecc01a041bd815d54b01f63e04edd, 2018-11-23], [2abf8c1e88a57ad6c4149ec1d4d573ec, 2018-11-23], [b73359cbd9bc67c027751c18f633ed85, 2018-11-23], [3fa3335315888ecfe92210bbe6a3cc5b, 2018-11-23], [4783756f80d8d01cbe2c8a55ffe5d05d, 2018-11-23], [7484a39310050dd6b42e5200bde7e622, 2018-11-23], [2d0b6735e9b45038dc883ab8812c3e09, 2018-11-23], [2411a78dce508a9eb94d5bc1dce4fc82, 2018-11-23], [b453e02a654c8a0b2ef692aa65d1fe0e, 2018-11-23], [e76670641b212d3cd23dfc17d7c5eb74, 2018-11-23], [4d4740cd0bae577e11e9def5f9742185, 2018-11-23], [0433515d6be866d64e3f054256a2f573, 2018-11-23], [0f5ac7fd90992f928153d8c48295b867, 2018-11-23], [dac9331a839c5de1055e2b3d09a2961a, 2018-11-23], [fdbff305bbf5cdbec11984fb50c7f0e8, 2018-11-23], [9fca061654915bb722af7060cafdb4f9, 2018-11-23], [2c3d52a105c4e7c85aa5064c1d5beb2a, 2018-11-23], [d2018dd0c7337196d5b6f715b4de500a, 2018-11-23], [f9a16fc50241d4f66aecdfc69b718ce1, 2018-11-23], [6014ea794b6b5213b139eb1b4c176577, 2018-11-23], [1af8c68d4b9d189097f5e15b3957de58, 2018-11-23], [cb639a11efe067b5774719ee7c51573c, 2018-11-23], [cba04d277990a66b11f6f1401f4029fe, 2018-11-23], [dad394f1945ecfc325438229a86f9e2e, 2018-11-23], [ba1b6366d39fdde402a4e6ac2db607ed, 2018-11-23], [7a50b8ebf867afb9d6babde02dae3a03, 2018-11-23], [b02946193b3ef84e40f55418e82380ed, 2018-11-23], [4025738dc044f4c95c9f84f1ee991618, 2018-11-23], [88fa90d0a17daa578bc54c5f42196427, 2018-11-23], [e9867a89fe8c43c72d80c0f4d8dedf5b, 2018-11-23], [3a798ffcc9837fb2ac076a91cc665471, 2018-11-23], [d2c443f81d1e39592e6c6a01a80ec636, 2018-11-23], [0b013e6ce016d4f7be66e530e91ea61f, 2018-11-23], [f04b71ef550f86ea184a905482609ae7, 2018-11-23], [a34d9fda762a736510e80cb4542ab3d1, 2018-11-23], [977e5fbae07e7a2f2e63c4033c82735b, 2018-11-23], [edb33b368a40c0e17117ff664d8627d9, 2018-11-23], [a9f4f18906e5be9b3e3aadb7610f6373, 2018-11-23], [57e175c24830b2bfe3ec30eda3ef4406, 2018-11-23], [6772fd23be9c159668fcc26300bccd7c, 2018-11-23], [0230072b6dc77bea8465b7833b69c101, 2018-11-23], [593a8a541e9f7e90a53dbb760636249e, 2018-11-23], [b8b859ddb623bc2f88765bdee7208ee2, 2018-11-23], [39b35d4d0d4d2b8d40af0272e31974db, 2018-11-23], [524bd92b7512234670944b5c3b9a8109, 2018-11-23], [bcde4e8f960c78a18151433504cf83b5, 2018-11-23], [b23c892f09c3c46c41492340f4d6ff2c, 2018-11-23], [07a98ff9df9b0d06c68ceadd53570e0f, 2018-11-23], [fee895114a949279305033e6483ca5d5, 2018-11-23], [85aea4a611624b779775ba5b8c3ed065, 2018-11-23], [dbf8d9b5024975e54088fc81132f71c1, 2018-11-23], [cc02f3c04a1d9c651af37850f448a2ef, 2018-11-23], [4ffe6389742a986b4723dd56f6f67d72, 2018-11-23], [7ab68951439c1ff54c672c6668b8f72b, 2018-11-23], [ec5c205aac4e2b439bb89e004647106f, 2018-11-23], [44b53bf49f06191c52a56062dfdee555, 2018-11-23], [f9e794085f430e63b9789dbbc58cb071, 2018-11-23], [563d700d353a866b460568e35b418a6f, 2018-11-23]]",12
70a35a3d4743b95030c75089eea45dd7,3,"[[40d50ecd23109b800e6d4a0524bfca3c, 2018-11-23], [88bebb01617d7950ac1777f8ecb0f8a1, 2018-11-23], [81ca72a9af13fa7b5620081694c62ac0, 2018-11-23]]",24
741a1bc4411188ed7b65c82e07772e5f,172,"[[4e727f9a112b8cdfe9ad2b9be18113e2, 2018-11-23], [e0e87604218430b6435aecedd1f8736c, 2018-11-23], [ed8783f68d8350c2fadf84c8119148b0, 2018-11-23], [4aed29dcf8c48b1fc58aa2aba8c80ebf, 2018-11-23], [07ff3da3213073f527ae89da310a33e5, 2018-11-23], [1df5853f73568ba8fa5598d335a34803, 2018-11-23], [972dfbf8016d85cdaaa03e849885cf7c, 2018-11-23], [589c888875ed73d267e514017900d583, 2018-11-23], [a139f392e4eec568c5d78fddec6b15e0, 2018-11-23], [0428fbfb17047132f01404f740ba40b3, 2018-11-23], [4497572ff291498fc5353e31ddc427a6, 2018-11-23], [4334adc699f196e420c3ac59f4a5ee8b, 2018-11-23], [3b34dd9151d6ac426b3f97077df38951, 2018-11-23], [f71d052ed96a80fc20cb812453574a84, 2018-11-23], [46372b2d94ca6d4d034c5b38561b40c3, 2018-11-23], [28bfbaf1d0730cf607fc47cf1383d7fe, 2018-11-23], [7952f5526c19e3b3f75ba1de34522e52, 2018-11-23], [42d5f90bcd783b9f45542945b3e555d2, 2018-11-23], [1f62e79a63840af5770501569cb05192, 2018-11-23], [8202bf0d9c3beb67a6c2a6d49b4a41a7, 2018-11-23], [0c92372f826a9aee6de1c333697378c7, 2018-11-23], [9291d3dc1e8dd42528d4a93e3f381235, 2018-11-23], [f243aeebdb5d9e6adea4644a68755a43, 2018-11-23], [3a57f1f40b666f2aa3bb286b47179f18, 2018-11-23], [ee2dfca906ac55acd9e5a91a823c8e48, 2018-11-23], [1c4933ebad8970e116826870cb74acfa, 2018-11-23], [1564d0acd70fcb1389cfc7dbf024b066, 2018-11-23], [6e34d5f90eb639942e0458166d57eb47, 2018-11-23], [805a225cc307dc1a5e518bb442d35f8e, 2018-11-23], [de81a2d1512b20c81545d1c9624c7c66, 2018-11-23], [3c1a8eb713058899958bac2ef9d19deb, 2018-11-23], [4e08dc42d44648efdb2ce60f4e77f8b1, 2018-11-23], [01e03d1745094d98a77a549c50539acf, 2018-11-23], [077c6f353b1067e8743687e52b451cf0, 2018-11-23], [bcff1ad12bcbe3fd7f10bb04d6305924, 2018-11-23], [5fd5a76b26cd158dcbf63bcfa552b2f2, 2018-11-23], [b3cd795656bbf27e045ff7f5b0d8d854, 2018-11-23], [d5984fd62a6559c63d001df2660d6731, 2018-11-23], [f9980d4e0158d431d1363430ec9a0cf8, 2018-11-23], [df43da6e638030852ee43e561ef62864, 2018-11-23], [c67a9018fdff2eb4c06dabae73a68cd5, 2018-11-23], [6449cc945d7a2c6ad29e620ea64faf9d, 2018-11-23], [7653a4e4b7f86f88ac76c307792fb087, 2018-11-23], [12467ae1d26beb860423f9cf58485931, 2018-11-23], [3ee8ca38e4f8b7357c2b016d5c6484c3, 2018-11-23], [ab28ac680acc41e1ed246a99b2007cfd, 2018-11-23], [3bc5a79fa5b15cc974b28eea416608a1, 2018-11-23], [194ec855f3bb4124e134eb64563a9b9f, 2018-11-23], [a8558b18d108d9dbce5b8f5c47efa099, 2018-11-23], [ac95ef55af702e719471d2ac2da4fd5a, 2018-11-23], [206a960b56460c2b584b46176ec5d57e, 2018-11-23], [c54a62bafdcc44589dbfd3e18396cf62, 2018-11-23], [db668f7975e5f940efb7dc1bffc9dd38, 2018-11-23], [0a8c15d16ee52edc19d9ed5b0d568ad2, 2018-11-23], [8c31dcfd18fe566532dee9ff7370f48a, 2018-11-23], [b84fd61b2fd5706a676e3c88ed4f0bf4, 2018-11-23], [f8bf280767efb4f2b7a6ab81daa051bf, 2018-11-23], [9ad452f3dc5aa3cee48f0217e92fb644, 2018-11-23], [8a24090124856d114df043b9ea8e5457, 2018-11-23], [3dd764236e0769c30c09a6a69cc16093, 2018-11-23], [be3e48a37b0d4d6fcad594279efe6bca, 2018-11-23], [360aaa80b32f74fb272678562bf0fdf5, 2018-11-23], [e0c54056a52f368e4d4af385c4371bff, 2018-11-23], [f8f5132e93d2d88a5a17d52ead55ac6e, 2018-11-23], [dbc16d23a8638280cc875a81ce483651, 2018-11-23], [84045ffd5fce637ae33bc362214bf545, 2018-11-23], [905fbe252bbad112ea7980b8784c9d62, 2018-11-23], [26532b0f3919643d30c133dc7cdf3a9b, 2018-11-23], [c1a5ac28268ef9c64f4cb757c349f813, 2018-11-23], [03ed7e1a95304bdee05d0106a960b384, 2018-11-23], [a518a00f31003db0e8f98e417020bc38, 2018-11-23], [789089359aef3f070f5ccbdea1975459, 2018-11-23], [fe05a799432fa38caea369d4777071c7, 2018-11-23], [a3be7cec5d337d255ff8acd3dc35a00d, 2018-11-23], [874d47e78dbaa1db3c3f7bd31469ac92, 2018-11-23], [d382b8050ec00bd30149d83698afdbf6, 2018-11-23], [77871fd3f6f40b0776f91724cd4b0348, 2018-11-23], [fddfb181f0fe1a23157d9d9c2705e4f0, 2018-11-23], [cd498d694a60acd5239db554e53c83bc, 2018-11-23], [ec231ccfb111515e622bbfd8981e2409, 2018-11-23], [136bf996db520fe4c3b85b90dba63a09, 2018-11-23], [455b4ad5b51b8efddc2b1f5e33adc282, 2018-11-23], [e75c66f433db77b2b1af7191c6f08e6e, 2018-11-23], [f7683eb847a95d7561b5d412cee4c2dd, 2018-11-23], [a37fee8077bdd3c093f244bc80bc0355, 2018-11-23], [2ee558e005ed323d1dc8af040c85f107, 2018-11-23], [92a32badd8b259482163aa30081cf44a, 2018-11-23], [f90c954d51bcb8cf74a2561f9d3d487a, 2018-11-23], [093ab916e5781934a75082f3c9658365, 2018-11-23], [cadcf3d76c3af7bad88cc5b143ac0779, 2018-11-23], [a856ba4c628377dcaaec7cbc7d023d0a, 2018-11-23], [699f5a55646e53d2122f9204d04cfea1, 2018-11-23], [121997cb1f459f546690454e3b549316, 2018-11-23], [9f45b9608c4d104665c9169f7fea19a9, 2018-11-23], [7896601a0ff82d16b9574ea6b5842d65, 2018-11-23], [408510174cb1717ba8025be1ec5d23a3, 2018-11-23], [5c74ec6917906b991e93b5481546f2b8, 2018-11-23], [19c7381708cf569649c44f8a30c81714, 2018-11-23], [588aa56c4a8f0b9b6d8d605d8537fc3e, 2018-11-23], [f11d69dda5ff85845e56a590b0e4fa8c, 2018-11-23], [bb2cddb20eb149959fe8d542d85a131b, 2018-11-23], [b8729e1d626e4b9ea8abf867b5590007, 2018-11-23], [ad623555628e2a297cccd6e287ca5b23, 2018-11-23], [63546bce30c05252565846b0f188a072, 2018-11-23], [3b50ed8288d2591a2cb24d83c50de3c6, 2018-11-23], [43e4591f0dd6c63e96618309523b8b99, 2018-11-23], [a3f88cc46826387f76e34297a626271d, 2018-11-23], [271a8cbdfa99d815d3054815216615d3, 2018-11-23], [03456d4807a03708de10988e6fcc6884, 2018-11-23], [30f5cc6dff5c681919c2ddaf952b22b1, 2018-11-23], [69761ac2c048ddd13cc31e202f511d82, 2018-11-23], [9d2860980c1b2207ac43b3519fae9a7f, 2018-11-23], [d7729bd8406aef8e77bea5c0db035c83, 2018-11-23], [e249e1f2b1a1e94d33a2fc0b53bc30d9, 2018-11-23], [44acff9c1e6b638f7a8a779790909c0b, 2018-11-23], [871ebcf9d5e99acbc433956c40f2e5b5, 2018-11-23], [e732d793512c5e3bb13276cfc51bc844, 2018-11-23], [740f4ba0b6335d61ad7d0d483f69dbd7, 2018-11-23], [eca08c997c5deb706c6b1e5e6fc380a7, 2018-11-23], [bbe78ab72fc15248aa0247f6a605f536, 2018-11-23], [66b336393694325e299f67a2e5041c3b, 2018-11-23], [2fc08c057e2f26cbaaad5e9353aa000d, 2018-11-23], [acbaf76ba44037098ca8daae51918070, 2018-11-23], [ef9017d9eb09176643a588f793aa6af1, 2018-11-23], [295d764b507a63fff0abccf8207adbae, 2018-11-23], [e0363c7b7c727b40d63bdb85308a06b1, 2018-11-23], [4cbdce5ef2f674cb6056802b27eeba54, 2018-11-23], [ff7869c701ae8972a0baae39583a0446, 2018-11-23], [e6a545be56600d753c67b4be64e25f49, 2018-11-23], [0e08a022e9ef991b1bae6b12723053ce, 2018-11-23], [c0aa244b4ecda255f253644b3431a212, 2018-11-23], [5a4de94509241e1417b041c574c4459f, 2018-11-23], [a9a25f2c3f9682bcbf8aa4917ed49830, 2018-11-23], [79b5459e6e9b6657dc19d485412dd92d, 2018-11-23], [d7fe074d84dc27ae25333db90040b49e, 2018-11-23], [e7d2c8dab164865a26c35172a2b18813, 2018-11-23], [7b66d5ab20fc9bce9c81a583582cc504, 2018-11-23], [3f60b5f3f912125c63019bcd1835e876, 2018-11-23], [7fa7e50a0f37b02de1ab00a3364641f1, 2018-11-23], [323006421bc71b7907bd5959c6ac601d, 2018-11-23], [076ba18511e0c216cf682210b1c3a97c, 2018-11-23], [07bc36e3b0860daa6e961bd5b80080c3, 2018-11-23], [dda2d0d637b5e9f1e791b90eca4792ba, 2018-11-23], [6681e59fef135ea240bd40b194a330d8, 2018-11-23], [c5089ce5388ae13081eacfb851261520, 2018-11-23], [5144e7cca388e163b361c50f2d730cbd, 2018-11-23], [fa0f096058adafb6303ada946b67cc85, 2018-11-23], [45ca615d5f0ba366e5b180c3e9bcdd15, 2018-11-23], [96d977fde7562dd78a50ec7a87c08f8d, 2018-11-23], [e1a4d8274337b34927b2ad5858cd06b2, 2018-11-23], [6bcd8a7919f6e80065abd9fa97961b59, 2018-11-23], [3dac846b9725e81c421c4a6ad5f38cac, 2018-11-23], [b6f0106975050f4249edd3a3b77b35a6, 2018-11-23], [0cb0fb83b10b0ef9917d03cba8a3667c, 2018-11-23], [74ce9bcd617f65d33196359c7d6b4efe, 2018-11-23], [b9486a96a40d22a8411c6a342ffb48cf, 2018-11-23], [a0543926c67010fadb2fb0af8015c2be, 2018-11-23], [5dcdba8e02568ff992f2b25a836153ec, 2018-11-23], [3522c6324556bcb9fbd92e1d158b0c0d, 2018-11-23], [e9db9194629b2271ebf47dfc5eecfeb8, 2018-11-23], [0404b88101ca877511e92c3a7dab368f, 2018-11-23], [cc63e8ad9c871550270a4b702dbd98ab, 2018-11-23], [2f95fd2a7c2a4cd55e03e3d5c308ff37, 2018-11-23], [3859a1fbc8585a24fd3d7d5217ca54eb, 2018-11-23], [4be17b7817ad89a391c3b099efd30589, 2018-11-23], [95a33276993c3bf41a6d04483024f8cc, 2018-11-23], [43bf387e4867ce1f42a7ed39bdeeaba2, 2018-11-23], [59886ce76154210b88f6c7bf22523b50, 2018-11-23], [422c2b8ae5b39c80e114d263aaf17ccd, 2018-11-23], [7173d93a4de31087d39688fd6c8552e1, 2018-11-23], [081694020f232ee3b10a1db5399f6cd5, 2018-11-23], [df0ee56a3043382ec63a132b07d56b77, 2018-11-23]]",14
747f97959bca152e8ed448821b1d0dcd,3,"[[38a686bbf6dcf5b834def349d595d1b2, 2018-11-23], [537b4f4ca40b5e48cd3ed5b319795f6b, 2018-11-23], [2756a73fdf067283e3d73a07465edfb3, 2018-11-23]]",27
89ffb7c0777dc02be27aff19e2606f19,3,"[[36c132015f00c695e8df4c17610ff252, 2018-11-23], [e06578f08bf34ed4e9d357ff4387fb64, 2018-11-23], [d915c9114dfe557b29ae784be5468ead, 2018-11-23]]",29
8ca15b56dca62d6b9d78962769617ca3,3,"[[f26147a91ba16f80ea8ed0c8cfbcea78, 2018-11-23], [e7cdcae5689b52734b05eff9b3f0464e, 2018-11-23], [4e6a62283d39c1c524b4a02eeac0c26e, 2018-11-23]]",26
8cb06635d940e9b6e8481387fb3690b4,3,"[[8459816984d4fab53ddf5d927263c64a, 2018-11-23], [dc5fe5186a42ce56fef65110c0d6cc47, 2018-11-23], [ce5d37dd77842af6e6a289ab1509d943, 2018-11-23]]",27
8cb8aa8861cc1fa4aad0623760278209,3,"[[e8c2e7d6bfd11781a3dd7f1e12e62502, 2018-11-23], [3a44fa6d35c3f7feb7b0e91554fc1ad8, 2018-11-23], [ee585d024c19d53a284bdb062a011d5f, 2018-11-23]]",22
909a27f471f41681bf6786e40b158af0,9,"[[cdbd3a748b18647b1bd34a1d84503bbc, 2018-11-23], [11cdee10ec738933eb685092958d9d41, 2018-11-23], [f5b70184da03fab5102d2c684358dc8b, 2018-11-23], [d921e7f38250050d6270e92b6c4f2154, 2018-11-23], [1c9f68d9cff3658f75e454d0447a17c5, 2018-11-23], [a7580fe40f6a87cfab539c0556d85898, 2018-11-23], [af0141feb7a67a369f82b76150ecd20e, 2018-11-23], [387b65b0e2b95bee39c8900c62fdbbaa, 2018-11-23], [20ae81107404169170460d3e046eaf38, 2018-11-23]]",17
919c5078c124581e2e27409224f77673,3,"[[bb9e876875a15a45b028e18906675fa7, 2018-11-23], [e42f8973bd5b9aa882c25f8be03b93bb, 2018-11-23], [0039e7314ec089d44c8fb66673a0048b, 2018-11-23]]",26
9436b0e2e6602969019ebeefe1f5fd6a,105,"[[6494f6e59ad3c63f469328a075dcd618, 2018-11-23], [9be79aee8d5d19a0176f50ce004a7ef3, 2018-11-23], [9a892db1ad631dfd72ecdcf65c29030f, 2018-11-23], [d44908f28564df560af392f207f4d665, 2018-11-23], [4f6d3437bd9006ca7fae8829d0efe474, 2018-11-23], [e4beb2af473c960247a8bb4c7f5f4db9, 2018-11-23], [4f16a5ea57a01c3955a5f169eab26695, 2018-11-23], [083db847b525bee30126f6fa0eabba2d, 2018-11-23], [216198c5fceae00df4723d4447b5b65d, 2018-11-23], [039cd0e2081882e098d8f0a0e64702b8, 2018-11-23], [0ea0276b8c50cfcc25903dc296ac54ba, 2018-11-23], [aded831a8837bca2d76e7a0b164136b6, 2018-11-23], [974ff2ff91c9c3644c19664f54051243, 2018-11-23], [9cd890ed927c1f3ecd5d4dc6b153e894, 2018-11-23], [e7b70c67b7976b633bb172df1abdcb84, 2018-11-23], [a34a9afae8323e360443de3a73e8f626, 2018-11-23], [1b473c734bcbe53de39db487544fc031, 2018-11-23], [d9f22802eb9dc01c56a335dd27eacfe7, 2018-11-23], [1192e90e473c8e89989286269a92d5ff, 2018-11-23], [87726be58c626c0799e75008fbd27ff8, 2018-11-23], [0c46dc2b3d42c460e50dc06fed01a515, 2018-11-23], [d80fd36dd5bfcbc8e4b8c21280aaaa38, 2018-11-23], [8635e68eea4f626bfc7a8e20384903af, 2018-11-23], [07424eb14d10bfa4614c14d6900d447c, 2018-11-23], [90e06ee678fca1d32550c28c8a32caab, 2018-11-23], [5ad4af561e837ce364b9f0337849cceb, 2018-11-23], [0dee61fae0f8eed6ecbc3be21863cb31, 2018-11-23], [1ba75339058d1708f81e361e3ce53243, 2018-11-23], [9d6a9744bfeaeb09b6e4a08e2eda4afe, 2018-11-23], [9c61350070fe00395c570328c2c9f4dd, 2018-11-23], [3a79ae8fe6a77007d35b0f1c6ed2614a, 2018-11-23], [e54f4608fbc1e1cf7e28a20fa91e470d, 2018-11-23], [a739aa1eb2fd89fcaeb0c6fc49b6299e, 2018-11-23], [1c096e142555d9025821656544e9a039, 2018-11-23], [060d26c27b4cbe9db0a1b80d37aa386f, 2018-11-23], [ec1b6dbaa01cd2ee34bb2428b4c87aaf, 2018-11-23], [8f22073764c1c73570e5a99930957d2b, 2018-11-23], [523db2441f133eb90f412d32229fc2d3, 2018-11-23], [d9b67133bd62110cc68fc25448042276, 2018-11-23], [58d0b0b598c511d3adc1dd854ee3cd2d, 2018-11-23], [bb892f63a8b6ef6bfeccc722edee6b34, 2018-11-23], [20877e021d1ed3158e7ef14761872567, 2018-11-23], [8d62fdc89232f07fc666dcca5aa3a671, 2018-11-23], [db2a0a78fc542319a11a87d934aaf9df, 2018-11-23], [ea1cbd764cd69a21703f62c804838e08, 2018-11-23], [36fba87d748b01ec82de92ec32a2f3e1, 2018-11-23], [26cbf81c242c4b9d85e3764417472150, 2018-11-23], [5364410014dc63de84f38ebbbd2d3498, 2018-11-23], [de3f1031af7d6d134f0a1c2cf3a33f07, 2018-11-23], [448dfb0d2a6dd6ad88dd85e0f729bdc7, 2018-11-23], [efe7201a138ea57d43c24d0a17600c62, 2018-11-23], [a182bf7cc43b0331765ee820f74982ab, 2018-11-23], [420999062b8d2334f7fb19d379ac5220, 2018-11-23], [c1c43077a689a6495fb4cf4df7fcf88c, 2018-11-23], [96e4fb6115a63711c3314e7eb73623ef, 2018-11-23], [a53dc73f9807128099a442a59f81a210, 2018-11-23], [b7dc722738a2899a0a652380472a730e, 2018-11-23], [3eca8a1b800f5e383f124339543da264, 2018-11-23], [562903883032f3a3b8a4c94ba063b912, 2018-11-23], [bea0c165cc96d8acfea4cd48990c2c71, 2018-11-23], [2aca8a9232e9eaf718a0544597884957, 2018-11-23], [1eb1cc4268424b6d96f8f1de5a436948, 2018-11-23], [ce4ef3b47e7cae6575c11dbbdc1d07ee, 2018-11-23], [dcedafee0857f32381cf4e7c2959cd4c, 2018-11-23], [0a2c4ac53923e23fdf660b78dac6001a, 2018-11-23], [561babca3c12704e9089a55e1a92f6df, 2018-11-23], [27957a40eec0c5225bb65f83c8d16c33, 2018-11-23], [58758a07e1596cf68211ee6b80fe4540, 2018-11-23], [6b8e5e8993b10633723b361a1f9e4071, 2018-11-23], [eb9f57c8fd927521648700490c177fe7, 2018-11-23], [e0f8da61a601f7885511306038de58ea, 2018-11-23], [03c1955db661f2ab126b078cd75ff618, 2018-11-23], [63c9cf621c3afe842a6b48794fedf99c, 2018-11-23], [0138aa427e03445bb3c2df45e26c71c6, 2018-11-23], [24b6d0fe5d108eb91a93b82dfcc8af06, 2018-11-23], [d1f9e484f850e1b7de95ae7aea649182, 2018-11-23], [212a59a3e1a7cae8b2cef192c197d0d2, 2018-11-23], [03d8e157ed1dc07d535afd2d014b36f9, 2018-11-23], [512cc06fa225f3d8ceec9f55fd706b27, 2018-11-23], [4157152583aaca1e49eaaeae6054d885, 2018-11-23], [d19c7877351d7252653af2fef112f71f, 2018-11-23], [76fc986504dd10290b10fc31db6582bc, 2018-11-23], [3efae888f6322545e25cffba95159acf, 2018-11-23], [c8ac13fbaaa6be7cebc031dab77578e5, 2018-11-23], [62c1897118e32a2cf90abc8116e45881, 2018-11-23], [ef18c3335b9eda8a328a4261e59e05ae, 2018-11-23], [b2f3333bf2126bfecbb6464595997c16, 2018-11-23], [81c852d99b4597e1d2d2b2a67b175736, 2018-11-23], [b02d55d10e9b74a72fcd68d21ddf1450, 2018-11-23], [6866a7400e0ac7a206752b8124e3aecf, 2018-11-23], [dd72c3b7e3970a6d25be75e33f5041c6, 2018-11-23], [3711546e56fb07e126dd8887795b44aa, 2018-11-23], [5cc609209965a6543a0b83aeda6e45ee, 2018-11-23], [c3c6a3877f9f608576fda0a86cd4773b, 2018-11-23], [657a1ca53746daed069112c94723ffa6, 2018-11-23], [edb054d9f2816ad173188ab449b40635, 2018-11-23], [e6814a14c15ff04dc7451f2faa1fe341, 2018-11-23], [91119978aca0cd05eb468602aedf316d, 2018-11-23], [dd9beeaa18c2543cbd14722f9e205268, 2018-11-23], [8ba9cbb067bb2fb9187b303c6f736149, 2018-11-23], [d8e9abc64f6c43bce2fb0f6742d6803e, 2018-11-23], [938f686d28d4f50fb2ff1674fe7f8f20, 2018-11-23], [119a6b8d44ed84e26133b85113afde07, 2018-11-23], [0c29e26f9b66d18cf4552f228a81ecd9, 2018-11-23]]",11
9ba43b1b796103b4f020481d169bfd25,572,"[[a7b08f124256bfd6b7845c1d8c3ff093, 2018-11-23], [503ebe724b9ab26f5341a7afcb479557, 2018-11-23], [985fb401828dd17df4cb9ee9c59a76b2, 2018-11-23], [0f11e0c3386441abe9a1fe0a1091d355, 2018-11-23], [f913eb7b6300c1cb7dd573fe00fb7fa6, 2018-11-23], [7950b61dfb60544a809b198a90b752de, 2018-11-23], [01fcfb0441ba25c39a7aadfe3d8e8fad, 2018-11-23], [617d40d3a140f493bd8a0a6bfbf7e363, 2018-11-23], [32d93db7f69d36077ab5b494f61640b0, 2018-11-23], [a25cd2c148c853f09f5115090382d045, 2018-11-23], [789258186b9407459653f9c7b7be9c4b, 2018-11-23], [17b44f930705ef926d70167c4a714379, 2018-11-23], [018e4d17b7f187ea67a4d14a59aafeec, 2018-11-23], [5eddfc5f171c91a2d81403d40fe9c602, 2018-11-23], [a83966118015992b8592c31afa72da08, 2018-11-23], [c8d5ef01fcaf9b8708a44aba30b8fb3a, 2018-11-23], [11307803fbb3290eceaacdc11ea947c5, 2018-11-23], [6396e61702a335457a7fb2214265606c, 2018-11-23], [317758a0177d3d6014628edeb0040678, 2018-11-23], [db6c3cc79fc324cb18e6549a7a775927, 2018-11-23], [00603487ed8d4ea00a9fb3c119f9fc07, 2018-11-23], [94ec7c80df8abec62118f91b10cf2dbe, 2018-11-23], [2cfb2f4827abd4cb624755adedc5c199, 2018-11-23], [1dcd31783fbd1c4808c19d4d1a9cd30e, 2018-11-23], [96396fed28b3c56ed681f87917186195, 2018-11-23], [18aa5e93ecb0116947fcd5d590cbdb73, 2018-11-23], [07bcd6729761fb534b48ea291f8fffe8, 2018-11-23], [7c5f54be336cf81ac276fab42a0e5b38, 2018-11-23], [8fd5cc50b480dc81c24089ad00be866e, 2018-11-23], [0869b41fa744a6938d711624b5905700, 2018-11-23], [5c8c0fe633abf33b41693a31b49685f1, 2018-11-23], [8ee41e1d228b009889bf3f7a946bd98d, 2018-11-23], [b8c5ec715f18f1b3f53777db69d55b40, 2018-11-23], [05b78d8d2f35ed0f118212d622e9be8a, 2018-11-23], [19790de2657b7e8e64ced217fd22d866, 2018-11-23], [21c79e3bd3810e48b837a5702c453881, 2018-11-23], [63b22c2bb71a828eb232c06392960d4c, 2018-11-23], [0c382c89fec8e1646aeecaa2ee63c6ef, 2018-11-23], [7de62cd3974bee709296e2e2cbc99047, 2018-11-23], [b8f8d55f99ac7871f0c2be512025636e, 2018-11-23], [329ab251a31101766b5565e3dc569cc3, 2018-11-23], [67d587860f9ef687b58b75f3e1c15d22, 2018-11-23], [1734aed5cb2193ccd25f581793c8e955, 2018-11-23], [e6077f57e338870281c8923e8eb5124a, 2018-11-23], [b322a491e87dc3157ddee729e01f075c, 2018-11-23], [5061073f20d0958d059979f5bc8fa411, 2018-11-23], [1b09cacf9ec1f93e7b1866816579e21c, 2018-11-23], [8595432020c0b48e15814ce8c214a114, 2018-11-23], [267dabee24611cc542036e6aeefa15b4, 2018-11-23], [86fac0083d844db708b1819a8411dc23, 2018-11-23], [0b2af59dd3e9a73b2d5961f3041b2432, 2018-11-23], [c33ca3a53322619c5efbcc8ba080c5ae, 2018-11-23], [32e53b224627c9b3dc5797f7f88811fb, 2018-11-23], [3364ae3ee2175b2d581c57384570a510, 2018-11-23], [1ce767723870a676c89cbda36e2121c7, 2018-11-23], [0226b14ea86994d841e19e2c2d00971e, 2018-11-23], [feae6eb4580f7ce86e134ddd6d564b11, 2018-11-23], [ac6630519f0ce8c1804d894d9715f46d, 2018-11-23], [357e7d63c15955dc15bac13c720baf4a, 2018-11-23], [95107bed457551727566c55734ebe885, 2018-11-23], [4919c20d025d3ab7f3f6ec13be100fcb, 2018-11-23], [fa10332b9f4e8c01628377f86e0dcb59, 2018-11-23], [f3f5cfbbdf71fe519a93d56d5338ca02, 2018-11-23], [d7fa51d31dcaa00cccd3a037773cea09, 2018-11-23], [ea34e1bdff69f8f2df0cdeed0896cc75, 2018-11-23], [dc4316e7496d3d0f381a2bdc22fd4f01, 2018-11-23], [1d339c6b61cc602ee7cd862dfacb516d, 2018-11-23], [ba6c3a32c44282e60c52cfa196de8eb5, 2018-11-23], [852462a89572753f3df7a90fc0ea65cb, 2018-11-23], [01015efa9e30b0f5838f2a4479d9742f, 2018-11-23], [8c20707d41e1fc5db6e16345ca5b2734, 2018-11-23], [4858912ec8d1054144686c3fc187f7c9, 2018-11-23], [c6ef654cb09c5811a22cb82e115f045f, 2018-11-23], [ae5f74bbf632921ff465c391d115ec9a, 2018-11-23], [42d452c7708b748dc36c9c3bbcd6ed22, 2018-11-23], [195df4d1326b6b5f68f75da72bfede2e, 2018-11-23], [2260a254b5a83ff0156a9172501ff5c4, 2018-11-23], [1b0093950c6a82a03e372b508fd28c25, 2018-11-23], [9783d054bfb6cb13be8c07b155a6391c, 2018-11-23], [ad52d4352c2670f7f9ef8921414a08f2, 2018-11-23], [465cc9d3b75953070a3e22d338b97330, 2018-11-23], [516a68ba4ec8e5cdf1a6d06e2892e86e, 2018-11-23], [b61af9ec0c22bbb289b8f492ba4ae2e5, 2018-11-23], [f3a24443333b9a6a2f081e4ecdd1ea07, 2018-11-23], [1b818038f99b60fccf10de9a40221c77, 2018-11-23], [cada1d85130e74307d158715b80afd91, 2018-11-23], [538158ba6c7371270e4b9782f54bd21f, 2018-11-23], [b46e1431b5935e0a2d84a4869a2db910, 2018-11-23], [1182a921a417c0f759db540a4e52df1f, 2018-11-23], [a93be8d27b4347ce0241c4d55eddbae1, 2018-11-23], [fb605b4678e2747a6363eeb5507a9735, 2018-11-23], [cf48e966c5406abc4e447e350ff95d39, 2018-11-23], [05eda5f44d93bec976498ce10ad1e1fb, 2018-11-23], [f5e7a78b09cb79cb708be5a7fa543e07, 2018-11-23], [5e88093e817575133a00cb9ccb546d5a, 2018-11-23], [1e51c42ab141fe89cefcd99758ea787d, 2018-11-23], [09db90863b866578154c205fa98ee16b, 2018-11-23], [d163a0f5b0e96fb835ddef87217f99e1, 2018-11-23], [99ffea6f6b8c17a20a463fc116c2e157, 2018-11-23], [d2011a28a6bffaedfd70a93e79efb842, 2018-11-23], [3cc13516b28ce4f675dd9840b1bced3b, 2018-11-23], [0ae8b4b8a892c264da1c35e5772e6902, 2018-11-23], [0f0419efa576042989fe7a4142c1f1de, 2018-11-23], [e671d3390336bd553448f28e061b9d1b, 2018-11-23], [3cec4a50d7166ce3830cad7507d701c5, 2018-11-23], [a188a749bc93fba09e87f2331ffe915b, 2018-11-23], [5630f3aebd6eb76de6c18de77f32d168, 2018-11-23], [90aa81ac15c3b876de1e6dfbe6f708fc, 2018-11-23], [93332e885ea1b4c40e29d5a111a49d10, 2018-11-23], [96067c56990ff85e069a7bef018dbb79, 2018-11-23], [8ec3eb809407bcfd55d1ab0d5d5099fc, 2018-11-23], [09e1228aa66dac528ead3dceb5184ed4, 2018-11-23], [00994ec77791d7c7e187b1b3067e6d09, 2018-11-23], [d5fdc16c46480de07b09de5b4be782c1, 2018-11-23], [7f5c5f042b319827f1d81577efc83048, 2018-11-23], [9a546a2f5ff65a88aa044c4f42e81561, 2018-11-23], [0a60c19ae2f153ad11c2e4e35a0b7841, 2018-11-23], [7c23262472a97a8d4fc6a25ba85cb19e, 2018-11-23], [1baabd21f7014db558ae71ad2fdc8070, 2018-11-23], [5c8f78c0fc19695513b78866fa0b9788, 2018-11-23], [86ea9b7f203db19604ed853718416dbe, 2018-11-23], [4fb29fa05f54caa6fb8a95342cd10114, 2018-11-23], [e8f2bba1dbc2b6b69632cefa09f9ce28, 2018-11-23], [aabd7315b70d483b73935a803ad0a14c, 2018-11-23], [5bc1535893bf79fdedf639fe87ab4297, 2018-11-23], [bd21386cbdcf4a68c2c9f4af6480255e, 2018-11-23], [35e4da6aec760cdb9c9bd26a97500c03, 2018-11-23], [7f70027c3616ea72eb1ecb9f2ad4e44b, 2018-11-23], [2aedb92fdbc988b7f85fba03c19f9390, 2018-11-23], [4e9cb79a2fc679a7fd49587ff4645968, 2018-11-23], [a83006dbfd3414957dc3d5cc7e2f84c0, 2018-11-23], [6b0bf68d3814870447b68ee57c1998ff, 2018-11-23], [88901c5d99be5b9b5682889771eb62fc, 2018-11-23], [4dbe0ba83ae7ca5458bc2e4fe284d423, 2018-11-23], [97e84016b9c98b9ec74f41e9e8152a2b, 2018-11-23], [2db3e70778fe2267c68a18d343adc4ee, 2018-11-23], [9929c3c50407ad5c5b79398ee89ad003, 2018-11-23], [5b8bd5d7174a2307be79fe943a0b1a4d, 2018-11-23], [1a0cab3bfd888528d337bd5a0e8ae57f, 2018-11-23], [a73bc7cd7b01b19b75bb968d294c33ea, 2018-11-23], [1e4a754cf614776c6e1141264d9ebe2c, 2018-11-23], [33ccc8c6077e285c7c96b7cd08f79d3b, 2018-11-23], [079d9cb1938d0ebca2d954c51c5cde35, 2018-11-23], [d3f7554aa3df1b0ca924a4263b8bc3cd, 2018-11-23], [0f075c5b04362cacd86cb6c25c32029c, 2018-11-23], [ea5597ded48c288c73ca9c8931006989, 2018-11-23], [d6a24e5b569cbaab17a1b7c326388fa9, 2018-11-23], [39e0a70c82f81c11122220842615842f, 2018-11-23], [03b92b70d7cbac58f1c5d6f6f5eeb899, 2018-11-23], [b18435609601bcebc3f8524fb3faa927, 2018-11-23], [a826ab4958b23dc185b2b9a8fd1c3795, 2018-11-23], [d84586e4f92db488012c39f8b32f61bc, 2018-11-23], [b98e2297c13f3a642bb9bb8cf328e14a, 2018-11-23], [be3d439af21267ac40f4432ba95cb90e, 2018-11-23], [bcc233fd6786da77fb80af580faf3c6f, 2018-11-23], [5a5fb1b32504a6dff358d90b12af616a, 2018-11-23], [519d5025105fe7448f198a6c05f8a347, 2018-11-23], [5907448d1983c1b34cbf9001c72962a6, 2018-11-23], [6f14a6aea15df638b2208a6b49f34ca4, 2018-11-23], [9a9d0225ca0bf01ac0d6955b2f515bfa, 2018-11-23], [61c95a407e270c25ea58db55b6ac6b5b, 2018-11-23], [859eb076829441cb50be54891b19ccf8, 2018-11-23], [e9c0a7a3afe9155850c070fcec834601, 2018-11-23], [62b902e428a6720bed55706d1ce945b2, 2018-11-23], [8443f3a59d0e8c16b23157b512514d4b, 2018-11-23], [d7e4ea7a353323a40fdb43ad9cba9a00, 2018-11-23], [c5c1febc4e452482bbcb5fa628eeaf8b, 2018-11-23], [f169cc2dd781c3a60f35249a639d4478, 2018-11-23], [f022756e06cb1534be727998c3fb611e, 2018-11-23], [8bdedd799236d578dd9214e4f55ab0b3, 2018-11-23], [9ae9b43d6d559cebd37230c396c2d3db, 2018-11-23], [be68bff0057240224b7819ece7640c7e, 2018-11-23], [8fee633be234a9b5d35b391d4fcaf4fe, 2018-11-23], [a166e4594e537a142f9a7f3f1c354680, 2018-11-23], [8bb8354a922092344bc8b914fca921f9, 2018-11-23], [cdc1fac2255cfe15170cfa8a4f2fd557, 2018-11-23], [5223e9747e1e43ccb1414a4cfdb51702, 2018-11-23], [c4e9a5b8df72cb364d37a2718bb0d8e4, 2018-11-23], [e9a4979f5c22dfc424a9ee292f09e1a9, 2018-11-23], [e06f441b67356e3cb69e9012f82150d6, 2018-11-23], [1040455f2557cbc67b138a09adf73dbb, 2018-11-23], [0441fe9c466c9d3c69cc5223ffdd581f, 2018-11-23], [41a8bb689a1ed8a66630067cb88e55d0, 2018-11-23], [ba6a0426acacc7ce55019a77512e1185, 2018-11-23], [f44bd0ef9dd245ae7c0039bc0543788d, 2018-11-23], [97cb0d9eebb78a413d0ee5844d1309b3, 2018-11-23], [4b7b27ba36edb0d4212afaa944c84d81, 2018-11-23], [88bc61bea47ae37bd127486d203c965e, 2018-11-23], [0cf7428a0ff4cce091fec6229ae5355b, 2018-11-23], [bd42482aef7f7b849a7855d7757dd9d9, 2018-11-23], [0b0254df955ef2c6baa90d7e8ee31818, 2018-11-23], [d57e9a2cd9f9aed7dec88e7bc189d456, 2018-11-23], [b2f7768314ab963fb412928bc58fe091, 2018-11-23], [3175513b8273e5e9f2b646eb6aa6f999, 2018-11-23], [f461033f65c91e57f36080fac4ea715f, 2018-11-23], [9cbfbfe88fe8490e3db844c8286705e4, 2018-11-23], [97bd52c5736d6c55a169603758b5c277, 2018-11-23], [f5dbcc893e0934d25b3a4dbc47adb01c, 2018-11-23], [aa43c69bba5b5d87f2414f68f64f9d14, 2018-11-23], [3f6da5871b4f4cd55e3c9113802618ac, 2018-11-23], [ea3f581fea5cec0a511b3b104ed0306a, 2018-11-23], [816c4db287307ea8fd924496b802af47, 2018-11-23], [54226aadcab2dd0841d4b136bb39f76f, 2018-11-23], [c843c663f5837dbd83732c017cb950ba, 2018-11-23], [b6cf0000d1d0e178bb44cf75b779220f, 2018-11-23], [9fd3d082b1d2bf84523d60d08eaec3a2, 2018-11-23], [c69155e51e8070bd621308350833ec0d, 2018-11-23], [1ef16c3dc3be559e4c40ad5c4bc38641, 2018-11-23], [c9d02f7d5f2c8fcd823cb298e915c7d3, 2018-11-23], [21471f65ffab30e5f573e4ab4200b1cb, 2018-11-23], [3df1a14946b3c538ae87d65fc440e069, 2018-11-23], [0242a7328f50c6cc147e2b79ac4fe515, 2018-11-23], [4656cb2cb9d9e650505b685171d8c64d, 2018-11-23], [1235cf0dbdff4c5eb10e1176672f3e39, 2018-11-23], [1deba307fbfb4cae0b612e614e492fc8, 2018-11-23], [02adc803cf4c227540cbbf43e9b4852f, 2018-11-23], [f4ad5795faa8afefeffa64324d97f5d6, 2018-11-23], [f5630591780b92d1128f3f074d6d76b3, 2018-11-23], [7779ae69b885b8e89985c0c8f382f280, 2018-11-23], [db7bcd304d34d74958bfc0660ff1b994, 2018-11-23], [4a7f02bb1fc10a56afcea2828169067d, 2018-11-23], [5c40ed5c881cfaf79acec9c78d65e90e, 2018-11-23], [d3ef75ad430ff4216f3822b9d3831f6f, 2018-11-23], [e7b5cf629a654525d14901441e6c99e1, 2018-11-23], [add7aa9d61d446240495f164aa65d6ce, 2018-11-23], [486f325a4b954cc1756a42e3916af75a, 2018-11-23], [03fdbd787b0d6caadaafbc6a92973662, 2018-11-23], [c480dcb39b284908830b33fd109f0b7a, 2018-11-23], [e601201996492ae3f035d39ce4cecaed, 2018-11-23], [8aa319de0ad1efc83159448f2b28b66c, 2018-11-23], [bc668f8646917b4a2cfc22f0496f9cdd, 2018-11-23], [6a6d235ec0552f268f9c872d986f0c38, 2018-11-23], [3d09bb97144c246796ea9fd1f717e0e3, 2018-11-23], [72b7759b4caf5864f93142b204781214, 2018-11-23], [1d6f853f9eaff6331d85c6608e9bc400, 2018-11-23], [3e05bb60b4b27e047cd55d82a080a5ec, 2018-11-23], [ef3d676148097e59d68d98fec4e26570, 2018-11-23], [5731c939add2cd4557f6c864ea0f0bd2, 2018-11-23], [49cccc902c8a65b8652b22131ddb2032, 2018-11-23], [c68f9a77d80c188c078fc6bcf0b5497b, 2018-11-23], [14d6938d71a07173df56914b20aedbe5, 2018-11-23], [6b66d0fff309985fe654f767644df266, 2018-11-23], [1c654660335f0dabae69b6e8637d8b36, 2018-11-23], [4a011193ca96d242ffaec0ad4d70c1e9, 2018-11-23], [0c082a2239e6bc2619e841904b23f01c, 2018-11-23], [66c7106e202f384b0f047b88298a4303, 2018-11-23], [b7df4d66034c70cd3e226291d3f767f1, 2018-11-23], [f1627f593b7bb6dbb1623dbba0159dc8, 2018-11-23], [a29f95119eca817c893e9ba7e325a1a2, 2018-11-23], [c0cc0cb228bdfe283a12f294f304f617, 2018-11-23], [d0655350a63a501f31ac449919a31bfb, 2018-11-23], [77c993982dd3c015a6d54257869e0212, 2018-11-23], [a9d252248e09163acdb17b6e3b089011, 2018-11-23], [3974fbac88ed27f9cd28ddd3beac6037, 2018-11-23], [5ef4296a74514d8ab03acf795262763c, 2018-11-23], [f6708f6d659e872de291e750fd6ebf88, 2018-11-23], [76f064f22754568e106e4f40e9cd575b, 2018-11-23], [7b26ba5d9716b8e96ce82ce029b67bc6, 2018-11-23], [498e3f222537eef5975cb64ff9ba1d94, 2018-11-23], [dc9e01e1a14b77be2888976ccf0801e0, 2018-11-23], [fe12bb434662629eb4594c0e6bde4b2d, 2018-11-23], [6f1e8c48227af6fb1393400ce28dcad9, 2018-11-23], [c8140c49a1bc184cf6f29a227aca2c75, 2018-11-23], [73d5345b14a571066068e172e1c75ffc, 2018-11-23], [927fb1e09a0f879ddf532be838d61032, 2018-11-23], [e3aa084e4160ad002efdb7081b864f8e, 2018-11-23], [01960240fc0293cd3ed26077c701ad90, 2018-11-23], [5a1432c2e127b884eaf5a9ee5c10f0b8, 2018-11-23], [c14ffae31c36bf5cdb4b2317496db8c8, 2018-11-23], [80c90f63da4d7ac1f247623963a94122, 2018-11-23], [95e083ac0ba5ba4916b8fd8f5486330d, 2018-11-23], [9452dfad187d00ad8ab92e141e0ac79c, 2018-11-23], [4587e149038ee4f950289b003e4c0d8e, 2018-11-23], [1c229861f207005c79152b00bf014e5e, 2018-11-23], [e2ceaa7ead6c9461ab71e5ad76009e3d, 2018-11-23], [439f2d0745748ac1bca9bcb6662077fa, 2018-11-23], [d18c352041774cf12880741f122ba760, 2018-11-23], [118a4ee33dc03af365a00ab9f3d907f0, 2018-11-23], [26490b5caecf37f94744d6b5a59c59bb, 2018-11-23], [47be791b478781cd32a55af241f8c810, 2018-11-23], [f705e1add3deb93c00dc1116cc2dd1b4, 2018-11-23], [6dd2d9dfdf591c7d80f0cba1fb9484dd, 2018-11-23], [657be60e1a53cbfa18eb34449821aa56, 2018-11-23], [560e729b4a25278dbf7a4a71e0f0b652, 2018-11-23], [24a942faed6bb5d6aba0580e721dcedd, 2018-11-23], [f00f79b16f38d4a1f304a7efd6264db0, 2018-11-23], [3c194d2ede19115b3af71799a2d4e7f6, 2018-11-23], [f7086959cde44305b2ecc51965d69610, 2018-11-23], [b1d47a6f0803b01619411bc7d536342f, 2018-11-23], [7c0a7559b1edbfe7082f84476b394553, 2018-11-23], [5de84cb1c460f863d2862c679734a9a5, 2018-11-23], [aba734c7d12d0728289d9b73ca4d8af7, 2018-11-23], [f0f72c148319b1e39675ae09e4482561, 2018-11-23], [d3a478dc77801bfea3c306848a1850a7, 2018-11-23], [1c1d77dfef2120221bedf6f1ec0e04a2, 2018-11-23], [75bb4e8813a752f1a36bba3f014e13cb, 2018-11-23], [478f728668aa5eb12324c5bbbda11065, 2018-11-23], [e32276dbee23926f7ddefa6da26e0f9d, 2018-11-23], [8414eff141053bd801d7b186312433d8, 2018-11-23], [beda808893a232221021bad2526c8513, 2018-11-23], [e186371b2cc46fbf94dcef01c52537f7, 2018-11-23], [909c831e3ab7c249919d1ba33bb38113, 2018-11-23], [1e26645dc488462cbee5bee4854a0001, 2018-11-23], [2296b2de1fc21438b439b4cbe44c9fa5, 2018-11-23], [d085b41c196d612454826b89cbbe2325, 2018-11-23], [3a1e3eff42b3b5c11cc134f1893e5370, 2018-11-23], [c79dcda19e7b4f097f0a2d8d6fa3a2b9, 2018-11-23], [180cbefa35016fac4bf9edb6a004a24e, 2018-11-23], [c73507f5a952a1b6924ecedf8a7ebd06, 2018-11-23], [f00413e708b657ed8c513a155fad8ed6, 2018-11-23], [2c585e2c3daea9bcb69436642d013265, 2018-11-23], [c99e156ab6b83230763859333221ff44, 2018-11-23], [7d4d9445fe8107bce6eeef547b289130, 2018-11-23], [eae5cea1d59267a78c90ce7173127527, 2018-11-23], [2084b775f66eb5eb9d97186dfa2160ba, 2018-11-23], [fb5e4a849fcf889ff77e4327d9bb681d, 2018-11-23], [b477d3116608b693c2a39eed69d42667, 2018-11-23], [8f3371edc274a94fafe5e5fcabb6db30, 2018-11-23], [5ff70b155299eb06a60ddc3b047ea6e2, 2018-11-23], [666f45c3ccabb25420df7690e7c6d2c9, 2018-11-23], [33bd9333b460e799a5ded0577055dcd0, 2018-11-23], [8c189cac991d0635354ea076856ea675, 2018-11-23], [6cd374f922f6c43471466f49b48efd98, 2018-11-23], [197686ca3c6a805822099a4ddfffa614, 2018-11-23], [53ec24782c8a4837f5480e9975e81e69, 2018-11-23], [085c088054dab4c37b39a4cb9473e144, 2018-11-23], [13abb88ac259d4ebfee67e301932ef9a, 2018-11-23], [378de36a8bb54e02b5e302be26dd870e, 2018-11-23], [7e38bc3abaf1a37f672b4e9b01387bc3, 2018-11-23], [34cc0be2c91e784edda9e9d5fefb1b29, 2018-11-23], [be6586493f4b7a3d285f902f22c05dab, 2018-11-23], [44ff70f1ce679f92e6a18a1cf06bde50, 2018-11-23], [ddad3ec2c5aaf005f3f21b73b5411760, 2018-11-23], [732c784318f5217e6990ab5a04edf5b6, 2018-11-23], [e3ad24bb584300a22df708b8c1e5c639, 2018-11-23], [3cc32d06c5deec32b283f40d7c0b0cd5, 2018-11-23], [d2f44e1d06b53a21edb9accbba509e33, 2018-11-23], [d7c5ff000416c133081c3420b5a0f61b, 2018-11-23], [18bfdf7bf68756fc0cb75bfa14d72efc, 2018-11-23], [ae7f5e1d73ef786707d288bb80c785b0, 2018-11-23], [1b7bc089d6a71d86dba4e72f52ba6d45, 2018-11-23], [c31dd134d903e80a1cee35adab16a605, 2018-11-23], [b49e9fdfcfc57b0033e6e0b8ada4cd82, 2018-11-23], [80699f7566f407d3a4062ce8621a9157, 2018-11-23], [8e3b368ab4eb2cb08c56b4cf35bbeadd, 2018-11-23], [cb06c71a9f8d0bc59ae669f65b8da0eb, 2018-11-23], [5a02e4034883b3129cb8e97226df27bd, 2018-11-23], [8e60c8ba22bc0334f93746e752bbe5a0, 2018-11-23], [386c8f73b69c23617a27f6da4677f981, 2018-11-23], [55800a8094ba89b26487abf02dfe2da4, 2018-11-23], [12e02dd0b381092de17ee204371a28e0, 2018-11-23], [04c0da0af42e3b860e9b236e9de0085a, 2018-11-23], [626a92e839f74d9676f22ac8629a37d7, 2018-11-23], [0f56c5ab0a37ded727b34c8d89c191a1, 2018-11-23], [c3d4d8f252463454783927966bb248b1, 2018-11-23], [1ea6d953259f3afc8139213ee74536f2, 2018-11-23], [d1e449172c6f249ca00b7d88c1e09f8b, 2018-11-23], [1581a31daee4e203b5e593d276a526cb, 2018-11-23], [9f3061a0ce55c5d07df374e419de4374, 2018-11-23], [8b1e389190082c1efafe0b22e855dfa4, 2018-11-23], [8eb58cd783465c0211c925879d905d2d, 2018-11-23], [c8cdfa6c368dbe67b962e2fd72c209b9, 2018-11-23], [f82e4c9cefa5c317fe0410d5b8060d48, 2018-11-23], [2fa2026498af973ea89f340c8291975c, 2018-11-23], [e15b20dc58fd363b4aae6142dfe848ce, 2018-11-23], [228026940d0212c82ba7b9113589e641, 2018-11-23], [00baf05ecb15401f4cc187936a92c00b, 2018-11-23], [9b5330aebce164c91691508ce08f4840, 2018-11-23], [8ede16fba28b626688faac1f5aa58dbe, 2018-11-23], [8909cef8f5cb4acc471402f34d04edcd, 2018-11-23], [f235891993d20540fcc5b96f5fa0c61b, 2018-11-23], [90b4bbb24376b04c3ee15092a494fad2, 2018-11-23], [f475d7a2badf35110b1be9ba6fc2db0d, 2018-11-23], [e6eb5405fa7151f6129325de7dbe48e1, 2018-11-23], [a3aa01910cae4e65c441d76194d82069, 2018-11-23], [8f01e95fdbd43cbc2ad7d46459f64223, 2018-11-23], [9d0719b29f0068987a35d114840a49d6, 2018-11-23], [d696f66f944c78115fc82c657b29a971, 2018-11-23], [6185270b395d7631572c8931f2a2846c, 2018-11-23], [f0088e58e64eae4ca9579c8e66510fe5, 2018-11-23], [f74c5ca84597482851b2347a9c659c7f, 2018-11-23], [bc3d84c8f0df83283aa67f849ef414f9, 2018-11-23], [ef48b5a4feff2112388dd025022fb542, 2018-11-23], [5d6b4b1c5db46f30f1a8e12df2b7fee2, 2018-11-23], [a6ffada761551d1b937de3c8087e3a6c, 2018-11-23], [9152fb8dcf6ae377ed587122ae3e9164, 2018-11-23], [fe91b161f7c9c86b82d1b93af0adc4f6, 2018-11-23], [5b4f7b06462ea9d4c3c64fdc50ea0871, 2018-11-23], [38d7640adef474add18cf9292076317f, 2018-11-23], [6c7b4e03cbb409d87c521b49347a4242, 2018-11-23], [c58b2fea7d55a9a6226f215077816784, 2018-11-23], [dcb4a9db5ca21ef22a5486b8b7517383, 2018-11-23], [97255a2e8e20bd5bb4932a5e25811596, 2018-11-23], [decba025238e84d4ac57212234b3b48c, 2018-11-23], [afda1bad3188ab2d963e69d9c7f4db70, 2018-11-23], [3fa12346cda531d180d3b081a28af3e8, 2018-11-23], [66c08d57a9782e4d19fe643dbb434d0f, 2018-11-23], [441e8905fb810dd4f02d4f709a9fe7e4, 2018-11-23], [e73812b8eae800fa00fb1cbceabef69c, 2018-11-23], [9df8ad0bf6c2d549cc1267ea00e40e87, 2018-11-23], [9e5feb970f8d933a757c30ae127df417, 2018-11-23], [687aa592cfe5a46413a07fac4611285a, 2018-11-23], [6e80abd2020f6fd5de52772be101e1bb, 2018-11-23], [54334eb7200d7b4db242e6f1f2608b80, 2018-11-23], [ebd17a3747b4614d345dccc77f3e3f5c, 2018-11-23], [08f452dc7ba080712d8c2fca6863b358, 2018-11-23], [bbebdd95dac3bcdbb9b9af65bed43f73, 2018-11-23], [304726e1380701748370be2123305651, 2018-11-23], [fe842a1611d283fb20929c248e22bbdd, 2018-11-23], [58855ddfca69ee2a20b4ac93c607c25e, 2018-11-23], [4a407484a71381e0081df73d0e38a016, 2018-11-23], [62d82317b0ed76c7f414b48ff612b571, 2018-11-23], [35adc212da375e7e5f5240671675628d, 2018-11-23], [4034fc8a7ec00025fffb1442cffdab55, 2018-11-23], [65a93da9092fa7d79d8452e6486ef165, 2018-11-23], [f9bc11378ce2733267c0dbf412e87a60, 2018-11-23], [3fb905f586d4fc49c67a5d3b2b905776, 2018-11-23], [36cfe16c37724096eadb97cd7f987ca9, 2018-11-23], [639a9633bbb8ab2c81d1c8e332f11e74, 2018-11-23], [c875b55618a8f8565159b272d6eeb2f2, 2018-11-23], [2fd17aa592de6c2a362ddc406fde68f2, 2018-11-23], [0e54e9ceae27e1bdf1c5c29d4e36e7d0, 2018-11-23], [378ade7cdb6cec6f8e0142c1f3825408, 2018-11-23], [8b03678c6efa110608f7fd398627a792, 2018-11-23], [769a23b17da52a76b9bbac070521b6bc, 2018-11-23], [cdbc67be5a9dd655c343428cff742da2, 2018-11-23], [dfa94b2b9e39a919df3e414fc3d74d53, 2018-11-23], [50cf0b8750006bdf0ac7160a30693f14, 2018-11-23], [3495dcd3814625380a92e3a20ff770dd, 2018-11-23], [d2de3ca030355aa62c150e7b8ecb6753, 2018-11-23], [6379b242d320c9dc15c984421ea5ef5e, 2018-11-23], [6d2f6f06a211bbac15fe85c3fde49bf2, 2018-11-23], [d16f515edc95d2993b16371ce6cf0496, 2018-11-23], [04fec37497bdb8185e7d36c1a38718aa, 2018-11-23], [8990bd3d5efeeb064add8e3d6906faa8, 2018-11-23], [35d54d3002d87631fff20389b6b438e1, 2018-11-23], [845d6aad7444be9d4cd64748bb9c0012, 2018-11-23], [d61369acc22bc516a189f8a7a4cd3788, 2018-11-23], [69eff6c9452b40cb88f028b20d526cb3, 2018-11-23], [65b4716365203d817c75e5becf89a9fa, 2018-11-23], [927975512150bb64fd6dc1e7718618e4, 2018-11-23], [53eb2a65a522f851a9882a6b5366fbd1, 2018-11-23], [7a2cec8b5a5077658e018312b3e7111d, 2018-11-23], [e6f5523e48090b48b4b6978521dcf9b1, 2018-11-23], [29329ef4d636f3ba6e1c140080d4afe7, 2018-11-23], [0c7c771e80d202a303b75af3411b0ec2, 2018-11-23], [5fe43e6fa380beea6b99572aea6e5c02, 2018-11-23], [4da6a2839da83f131896c845be047e9a, 2018-11-23], [f3793418a4b1ed1d7cb947c85b97239f, 2018-11-23], [e4ef52638c9bc089b9d1a73f66f9d76e, 2018-11-23], [d8aa0559521be3dd9b75d78e99bbb1f8, 2018-11-23], [3fb0bf45c2af787d012110fdf8bd8042, 2018-11-23], [27d19c52e66ec28d33d2f6e07f6b4573, 2018-11-23], [cfa755741168c41084991d4786439a95, 2018-11-23], [2b6e14024ed21869f279032ecf012faa, 2018-11-23], [bb41c5c896dad6cd8c2a57794f45cccf, 2018-11-23], [a5a00eacd5c9ba24101ea2647a208a95, 2018-11-23], [92f4bc8ea20483f1092909824bdf6804, 2018-11-23], [1a18dad7c2791f4a7a9401910b755a1a, 2018-11-23], [72e5a9ea99ed01a165dc4dfbe1cf91e5, 2018-11-23], [3a3a134efe86700d8f756cd218d1c1c0, 2018-11-23], [e7510d1e563e2de7cda5d6828a64b1c4, 2018-11-23], [5fdba8a770a4f61a94b68bf2eb623359, 2018-11-23], [38b79747f0e54b63c36f8a9652e5a4d0, 2018-11-23], [8ba13d52191999b4d56363c5bd772680, 2018-11-23], [f257bfc77f9ca4f5622e72bbe1b76fcd, 2018-11-23], [2eb55f2ded2223161faf6a12520dad2e, 2018-11-23], [a5e1a8892e67121ed8e6f95f29cf79dd, 2018-11-23], [3c743de009d40604d616f783e5b7dac6, 2018-11-23], [a094c9c051609ea125c8d0bef31ddead, 2018-11-23], [bf358cb8c90a34a87bf938fd7cf80915, 2018-11-23], [ac43cf1158fd6945d57df792e0dcd1ea, 2018-11-23], [73b5b8748917ba1e4ef2f337baa3d80d, 2018-11-23], [c73e914e62842a2622261e9d20b08f91, 2018-11-23], [0eb7bddd99bb47d7c213b438474218e0, 2018-11-23], [3cccc99b4e528f35103a3649cdfaf91e, 2018-11-23], [cad612e4438335dd2aebf54c73b88f1b, 2018-11-23], [ff7772c5d1ab8653f60ee17581169f8d, 2018-11-23], [5f80653604616abfe354122cffd4c2db, 2018-11-23], [59db60ec6295d93231b8a93f4d58d833, 2018-11-23], [826a10d539ebff8865c6db16faa82b2f, 2018-11-23], [6e2fbe369712f43746ac0cb84f8137e7, 2018-11-23], [019d46dc5b011e5e4be14db5e74b7a05, 2018-11-23], [2ca1d8dc0483b5153bb028169602752e, 2018-11-23], [d367aa32b4cd67e2b674f7158999e386, 2018-11-23], [3449f1aae8bbc791bd163362e832ea68, 2018-11-23], [588b8f685d07465ac2a17f1bd7e8bfae, 2018-11-23], [b32c6c74261bdc4ebadd106f707fedb5, 2018-11-23], [ba692d409867e2c7d5381324bb43a3b4, 2018-11-23], [d30b3e9d2ea02b75d63f194d47142c3a, 2018-11-23], [37a4efef6f40a6b85e6d7dffd7c8f441, 2018-11-23], [7bb33d6259b6e8260cbf78efd68a84d2, 2018-11-23], [b6993b743917b2e7341991741bbca897, 2018-11-23], [7a4f1e61fcc8ec8020a0d74bf58d3dfd, 2018-11-23], [147b342dc39cd2fb53bbd8085f9fcf67, 2018-11-23], [d658dbd414a55fa5a2e25d8bf11c00ed, 2018-11-23], [1eeb41aa0830fbd222df20e5ce98966d, 2018-11-23], [af44a7bb6b86d3f6007245128f23b221, 2018-11-23], [3b8a564d638c5c5727ace2bc24102379, 2018-11-23], [39bfb6b88ab88fb2fd7137e51f00da69, 2018-11-23], [5dff4353aab5538fa3f99b117ff9f1e7, 2018-11-23], [ad6cc875db55b4c0b607e127fc99d70d, 2018-11-23], [4e8257c8b24fe4f918e4d13500d180ab, 2018-11-23], [367143780151df52849d583819744253, 2018-11-23], [a276b350eb136bb0713d3508a26350c5, 2018-11-23], [d67590fa75b155bde19174a23254c0c1, 2018-11-23], [413d29f0a8ddac8c58db065a8f5e4b40, 2018-11-23], [99ccd3a27ce1638867ca346b848aada9, 2018-11-23], [1b2479b965221d8f890f7347ec391b37, 2018-11-23], [2bf70faa9f47412005ebbc3e48472b4e, 2018-11-23], [ca98908973dc9d50ce63924742024399, 2018-11-23], [63ed2a745fc7e7fc5eb3c88cd0d59d4c, 2018-11-23], [01b0326429ec0f0fd5f81fd69b7f17b4, 2018-11-23], [fcf4f23fb50fddc6c89930bfae0633df, 2018-11-23], [dc256362658ca4a9d2cc29c1311300f7, 2018-11-23], [2ed77450a9049eaf7cb756f6c391168b, 2018-11-23], [503d43483d9dbf3f2b4ac7a0ec9b9f3b, 2018-11-23], [dbc55a2b97f0d9da762976b4c08ee890, 2018-11-23], [13c90d9da8050874abd4752dd3ff014e, 2018-11-23], [316ef45bc7e7469f1d56eb86cd5caa89, 2018-11-23], [b6cee7bd3e44f8b54405fcce53057dba, 2018-11-23], [5194bcf44b8ea49a618ed3e47c5d2dc4, 2018-11-23], [5eaac4cd0368864b673ae6eddd1bca43, 2018-11-23], [f434a739fbba1c49edfbe843de49fd07, 2018-11-23], [b665a393739b32af3b11a08c17164f7d, 2018-11-23], [0d7a98271634377f087fbb1208bd9e67, 2018-11-23], [d43e71f4c1756b3f7b693d79fd6e094c, 2018-11-23], [f3818e07c6e48c88458155bcb5585b15, 2018-11-23], [a15f1ef78bfadf0385aebaf663254ec4, 2018-11-23], [27097405496191495420d9c3a7ea2df7, 2018-11-23], [8dac05eeaec25dc2f144ebee075a25bb, 2018-11-23], [ba5435ead62af48cb86b535374469c6c, 2018-11-23], [3b4b5f40293a8d0c9ed02dcd4dca2097, 2018-11-23], [0a6c5abfb8aa9f82c310c77a030e33e7, 2018-11-23], [8ce6a19e85f49a9e46c9fb01ed4b5a8a, 2018-11-23], [9d81fc9272980504d563b498ebcd5a66, 2018-11-23], [7ef4165d3fbe61f8df23493d67e9056a, 2018-11-23], [0f13611e74426259b2437346e17ce002, 2018-11-23], [560f7eaa83baed80b9b81d382380b778, 2018-11-23], [b28aaa9f81409595ac6e73c8771b90f2, 2018-11-23], [d9ca8b23488c4ecf7e157ed15b2f8380, 2018-11-23], [0368a3a7ec647e4d6616901ef0b7bbe3, 2018-11-23], [15593a361b871d792dc210f1b98bc445, 2018-11-23], [9ba8d86a90619a67861f1fc72aec69fb, 2018-11-23], [4f60e96fdc52096d46bc28acf360a4e0, 2018-11-23], [fa4bff385ed01f2ee7609592925b3250, 2018-11-23], [6ab8623d2c5c7065cd332e75bd9c19de, 2018-11-23], [1c7bd05b4d4184fa33e1e9742e886c0b, 2018-11-23], [22c7c10d65e19e068305d8797e7de585, 2018-11-23], [35ad4cf1942fe2a375f004ddc3e730d6, 2018-11-23], [a1b79dd436148796c15b84de2d5bb2d1, 2018-11-23], [a3d0596f6456c13e44264d7a54a82b87, 2018-11-23], [991e95aa7c607e4ba06886814e5e8e87, 2018-11-23], [136877b613d90922e6fb679ad3820ace, 2018-11-23], [8cf077d1e0cff4305232f2ad94832146, 2018-11-23], [b583c9ea665317dfbf0993ac67cf06dd, 2018-11-23], [13b4e918fb6154c1b40dbc05e16a4c7a, 2018-11-23], [8483051682f7a5c8a321f21267e941a5, 2018-11-23], [4d991f7a257a800972db8da3df9833ee, 2018-11-23], [3f8eadd3c86d2c34077cb863a9ac31da, 2018-11-23], [35050c6daa04cee1ac7ab69bf9611df6, 2018-11-23], [9a836779f6eb2b11737fe21b778d851f, 2018-11-23], [351bffab4c3a863b56b0b30ee605db64, 2018-11-23], [0496330f4576ffd7d1290860d5b598df, 2018-11-23], [1e342beab9ba008a3d98323b51778c95, 2018-11-23], [57a18d71caca020cc16bfa038a07ee81, 2018-11-23], [5a5647517949ae5a6d6cc110f5e3b1fe, 2018-11-23], [25f04eb1c20e195f7459e15fc5bdab98, 2018-11-23], [621d7f98124f62ed7de2dbe673e8f193, 2018-11-23], [3c0d638f252ee02c50bdcb5503b82866, 2018-11-23]]",19
a18363603cedb08e9cbdb6cfd43c993f,26,"[[25988fd4cbcaf7e20c0ffba3b8cf703d, 2018-11-23], [4f8635997c9c421da55dcfa0aeea49f8, 2018-11-23], [3af8fdeddcf79eed3c3c9f67c3346335, 2018-11-23], [6a457ee75aeddd5f61d427351b158771, 2018-11-23], [91e0f6c3a277ada85d2a92d3007512f4, 2018-11-23], [c946bf6cfd373caffbf132155519e00f, 2018-11-23], [efa1d0dbf64a695279a4e71e50071364, 2018-11-23], [75f94213aeffb10d0c180c1a1f347eb3, 2018-11-23], [8682b149f71ee3cd5275f8d3caf17d23, 2018-11-23], [f5d86c568a1059130ca9b3f57d392558, 2018-11-23], [23cb2c7956c3b817784c9d79931ec5cf, 2018-11-23], [eda558df5e73a3af909248b752a9882f, 2018-11-23], [2bf89edb1043334b99e40f00d61da757, 2018-11-23], [fd2b653b11f377403d670fd00719f2df, 2018-11-23], [ebeb5900041ab252a52dbb4d8417fcb5, 2018-11-23], [f7c9733f59052641eb715287bd99165e, 2018-11-23], [e32e77059f03efcd94039e0e91f735c6, 2018-11-23], [27770065bb4fbf8a56d8ba39d4730cac, 2018-11-23], [e34bcc66183025eeedb43fc169e433bc, 2018-11-23], [5e2365e2fa6541f5741a8309d618788f, 2018-11-23], [30659c8c03e57712d20f11c93a18ef33, 2018-11-23], [b74d25ac742396eb9405fad71a461cf3, 2018-11-23], [693ff94dd21a7e9ef5fc8c9d24910b13, 2018-11-23], [40d4c5991c8ae4bb6b3fc756af5d9e54, 2018-11-23], [1b456beefa893f5b283709115f1f3726, 2018-11-23], [a7eea7843d3a58ade3111fb3973b1c11, 2018-11-23]]",28
a3c3bc3ebac103447d4c30a5027ee96a,3,"[[b0b219b15cca20027622de7d210f632f, 2018-11-23], [07089f306713afa35b6541fa51e87198, 2018-11-23], [8420964c04d564e625d051c2f8862565, 2018-11-23]]",11
bfb951c32f298fe0dc4b19a6e4cb7402,3,"[[de31d99e3e7defa9b96e4474629e1a92, 2018-11-23], [246494cd7ee8e7307c5a2270d773bf08, 2018-11-23], [1ab5f119d8cfe5bc923fe8a47954a08c, 2018-11-23]]",29
cd8020d629f546c47457701ff9bd1ab4,64,"[[cf71503887778e48c43d1376f1492104, 2018-11-23], [09b4cb425bc25393c345cb7b769ca174, 2018-11-23], [b9d11dd5dbef4b127ac2be95029f4a84, 2018-11-23], [6b252eab11ab822977ce66aa5a56b699, 2018-11-23], [b51d936336bc8d2b275c1f0c66e2d8b8, 2018-11-23], [bcc5f6561c50f581b6573e67aad260f1, 2018-11-23], [5ffbbd180f938dd62baebd162d067242, 2018-11-23], [00eb8ace185f638fbb9b17d04f61452b, 2018-11-23], [f48cb8cf06ddcbb41bfce17eabde7c0a, 2018-11-23], [9f40fe152a7df9c4d9b6b81b1f3db5ec, 2018-11-23], [fec018afb87f4a664dfe536d65662357, 2018-11-23], [582cea90cbc20125d5348288de584f6c, 2018-11-23], [944d615a2b71c047ef5c49fd30e55630, 2018-11-23], [076e886b2414d70899e4b5499abba3c0, 2018-11-23], [96dc13e6570c44bdafcaf45d39683b12, 2018-11-23], [bc6e2dfd0dda96cf1f2046d5e2edf570, 2018-11-23], [0b705d65dded949f13da9b1acca274d6, 2018-11-23], [a120bd89eb655b03089e88495d91fdca, 2018-11-23], [462555db50c4d68e768445ff339b2028, 2018-11-23], [22e3903f64af8edcab7705c7eb18d3ad, 2018-11-23], [0253c141d2d9bc274a2bc60b27edc45a, 2018-11-23], [f4197480e226edc3111090957bca61d2, 2018-11-23], [fdcb101ddf75d5da745653bfdb733f6d, 2018-11-23], [8aad706bff39dd35f42aa83b3665c0ef, 2018-11-23], [d8b4b22124dd6ab37fce4f4b742f1b17, 2018-11-23], [5aa5a6e2d7930330b5208606df6ecab1, 2018-11-23], [33e0484c58def4e623936cf91e490322, 2018-11-23], [2874e7527dac061d7dac92c0964377a4, 2018-11-23], [80bf6ff34d30d33705eff8a205556523, 2018-11-23], [4de41bf398d4276cf145b57f93a73cd4, 2018-11-23], [100e4a76bd6e2b4fbdc087cd22b0eff2, 2018-11-23], [bb050dd468f952d9feff7954060890f1, 2018-11-23], [40402c6e2a5e1b67ee541109fa512c30, 2018-11-23], [9d296c219c5f091d23ea1e3a07fc5787, 2018-11-23], [551816fb5268fddc5fb643ab9b82ffd4, 2018-11-23], [d0c20cca15b395f2e62cb6bd57dc8e32, 2018-11-23], [24fc0a2c5f5b55fecd1002edff996502, 2018-11-23], [a0adfe750ce801136766a880387fe6f1, 2018-11-23], [75ad0e61485af37a84edf3818d061d53, 2018-11-23], [a1af9df71a88d36c32cf0a0044ef0bc8, 2018-11-23], [5c6cb7c0f2550e4818619582552f0e24, 2018-11-23], [59ddb07c46e879307667b858f58f972e, 2018-11-23], [f603d141f02f9d942316bfd80550c9ed, 2018-11-23], [17a8940a8e1b210bec05b4688d0af766, 2018-11-23], [d510ea9da707b5db6ff7332adf58a374, 2018-11-23], [858399368cf31a423e85980b8482b7cb, 2018-11-23], [b7cb7ddf87bd1b657ed063ec1a963ac0, 2018-11-23], [a47074921241c3d0d42419564c4bfc84, 2018-11-23], [4a76ed323d956b1748e550864ab6e6c8, 2018-11-23], [61253f07db8092e1d301e01f0dbe2ab0, 2018-11-23], [f7ad69c067e2df417c151a8b1db34dc8, 2018-11-23], [27c18f333bc18b704930297da6a70578, 2018-11-23], [ab17e579803063a541ae37d9929cdc81, 2018-11-23], [ef8d2fe125ad90b92d09c7d698a51dbc, 2018-11-23], [fe99d6c380329ffeac8a87f0f1755d1c, 2018-11-23], [179266a44dfe7dc550ae4f8701ac31bc, 2018-11-23], [cfb50cd0284de0d86b8909d6911218d3, 2018-11-23], [30e19bd2166f96a70d8063efc846d5f7, 2018-11-23], [e0dbb6c35bde71e3aeee7f929902207e, 2018-11-23], [c1237f611ea37064354aa41343544997, 2018-11-23], [d2ea0527643d643970e5f30eda4a86b3, 2018-11-23], [6d393dd9bb6db016a9e5dd4a714c3256, 2018-11-23], [cac5d998831d553bafabc2c261327cdf, 2018-11-23], [aafe1b610c859019fccf04dd1906555b, 2018-11-23]]",9
d067fc9b260ed1b15f1678a9e0b9be8b,3,"[[3dd9223f93306c041a7b353f8e8f2b24, 2018-11-23], [db46b7c6dd82b04f8c131ad715cc9309, 2018-11-23], [92c3c7f0d888929a93072746e2b2550d, 2018-11-23]]",24
d221905b7af7b56c0b202544d60d08a4,3,"[[82c2a7a825ac0401d8ca18f58bc76a08, 2018-11-23], [5bd8524dac7e62b57412a0c28bbe4cfc, 2018-11-23], [a0cd825d3d69a19db8d644fe91d29dc3, 2018-11-23]]",28
d35a85ad70a930d600811d6f55d47c53,3,"[[c13105b46ddbde8cfaf0c79bf2f94b81, 2018-11-23], [5843dd997b6f3f77ab01e1259a9f20df, 2018-11-23], [3b7dbed7a950c66c4d53ee4b5913237e, 2018-11-23]]",21
d415b038915ba3717d964dd27d354a7a,4,"[[07f902f8ea6736ee0d51fb43d3397dea, 2018-11-23], [d00c873fd5cece03ac815d223a83e444, 2018-11-23], [9fc8a9540b0d7f3c22bbf639deabb097, 2018-11-23], [7083b302eeaeee6bae35acdab55869ac, 2018-11-23]]",27
d639cb78545b7c00d3221e793d179b0d,3,"[[51e93764fcd398c6e4244c7baf7c3ead, 2018-11-23], [90e263860dd790ea60fe1be497fb84af, 2018-11-23], [787f7bb91d3e155bb6120b546d7576dc, 2018-11-23]]",28
dcd6e2afc7e67c4fadddc63b6242c50f,3,"[[6ad67c0db120621a8bf90102349accaf, 2018-11-23], [976ab24513b89957fd7e2efb01f998f9, 2018-11-23], [0dd83caa7e723cf4323f9702211bdc24, 2018-11-23]]",24
e5acbd0866086168209835f911ea7f27,3,"[[86a08d65a784f9777f37a2525efe6bc1, 2018-11-23], [60f7d72227f085a7beec2ac998a83b5c, 2018-11-23], [7196e47d94acf1324bb3e8fdc1ac4855, 2018-11-23]]",26
e6302fd4bc1b9a8c82ac94841d1c41b1,3,"[[ebfcb1ab63023fb6b9ae947f96164b84, 2018-11-23], [4eef2e370602655cdbbd59e84d40be08, 2018-11-23], [9b17d4b5254b8d0f4361f2c573167392, 2018-11-23]]",21
f17149a5e4581fe1a2fa3d08e30d5a2e,25,"[[7efaaa318b453967d9143ba9d56b83c2, 2018-11-23], [312920d9019429a6455edfeed7f51b77, 2018-11-23], [a3c786e67f3a2d036c6a16e9e92ee383, 2018-11-23], [de983344b7f418d77a2ddc9af0ca416a, 2018-11-23], [783c42c0964034cb86afa6d404547624, 2018-11-23], [ffdf645cd3cdca216c81bbe56ffd9a95, 2018-11-23], [2a0981ea190df72663e80f772d55d468, 2018-11-23], [fc945a493dee4e53e58a623c447d34e5, 2018-11-23], [6755370e25dfda305847a03f6e982dba, 2018-11-23], [3d4db2d6b24bb72b5981799d7e43e790, 2018-11-23], [cd0da85a11ac628f3516ad92747f111f, 2018-11-23], [9e1c71e3c3e9365363301257e9c9b127, 2018-11-23], [4649d6c28d28d9bb7135f568b4933afb, 2018-11-23], [5027b3ef20d77b7a9b524b25275d8fa7, 2018-11-23], [41e460a73bb978b972ce366baa0886b0, 2018-11-23], [de45ad2c83208575e42ed1923639c59a, 2018-11-23], [32d198e557b5a75db96ff8bdb14007b6, 2018-11-23], [3ee39cccf266441badcacfa10c0a2e7d, 2018-11-23], [867ebc8c3d91b8a6724161b00c847f54, 2018-11-23], [c3991f79edb2676c9735e350ec951fc2, 2018-11-23], [a82a0794c1f9271a7a70bde483530827, 2018-11-23], [1cb2be7bbe9c54559817ed5a6c22aec5, 2018-11-23], [c944e1809790b8d7cfebdac44999479c, 2018-11-23], [4d592b156bd5c8b580c4f4e23ed58f61, 2018-11-23], [68ee56212437933a8027c148a8908697, 2018-11-23]]",10
f8c3dababb4fdf6bd60653ad885eb907,3,"[[7acb19b7c5b16a262ac5d30b9ca8be22, 2018-11-23], [4a2410f36334cd4b03f9c83bed7cf386, 2018-11-23], [60ef40f26599dbdaa85b397f998f9012, 2018-11-23]]",25
